,symbol,date,open,high,low,close,volume,marketCap
0,VIBE,"Oct 19, 2021",$0.01259,$0.01478,$0.01061,$0.01113,"$12,377","$2,895,210"
1,VIBE,"Oct 18, 2021",$0.01092,$0.01259,$0.01044,$0.01259,"$1,128","$3,275,077"
2,VIBE,"Oct 17, 2021",$0.01099,$0.01218,$0.0108,$0.01091,"$3,109","$2,839,241"
3,VIBE,"Oct 16, 2021",$0.01057,$0.01183,$0.01043,$0.01099,"$1,272","$2,859,622"
4,VIBE,"Oct 15, 2021",$0.01072,$0.01085,$0.01004,$0.01055,"$1,512","$2,745,325"
5,VIBE,"Oct 14, 2021",$0.01102,$0.01155,$0.0105,$0.01073,"$3,001","$2,792,428"
6,VIBE,"Oct 13, 2021",$0.009676,$0.01103,$0.009377,$0.01101,"$3,899","$2,864,427"
7,VIBE,"Oct 12, 2021",$0.009289,$0.01005,$0.00922,$0.009672,"$2,537","$2,516,097"
8,VIBE,"Oct 11, 2021",$0.009224,$0.01055,$0.009162,$0.009294,"$8,092","$2,417,801"
9,VIBE,"Oct 10, 2021",$0.009373,$0.009641,$0.009149,$0.009233,"$3,622","$2,401,816"
10,VIBE,"Oct 09, 2021",$0.01042,$0.01087,$0.008655,$0.009383,"$6,781","$2,440,767"
11,VIBE,"Oct 08, 2021",$0.01127,$0.01135,$0.009812,$0.01042,"$5,770","$2,710,902"
12,VIBE,"Oct 07, 2021",$0.01015,$0.01256,$0.01005,$0.01127,"$6,399","$2,932,113"
13,VIBE,"Oct 06, 2021",$0.01089,$0.01095,$0.009542,$0.01015,"$2,467","$2,639,769"
14,VIBE,"Oct 05, 2021",$0.01035,$0.01097,$0.009729,$0.01091,"$3,645","$2,838,891"
15,VIBE,"Oct 04, 2021",$0.01071,$0.01211,$0.01033,$0.01035,$441,"$2,691,276"
16,VIBE,"Oct 03, 2021",$0.00987,$0.01125,$0.009762,$0.01071,"$1,238","$2,784,900"
17,VIBE,"Oct 02, 2021",$0.01086,$0.01132,$0.009851,$0.009875,"$2,369","$2,568,841"
18,VIBE,"Oct 01, 2021",$0.009877,$0.01266,$0.009789,$0.01086,"$13,691","$2,825,272"
19,VIBE,"Sep 30, 2021",$0.009326,$0.01003,$0.009306,$0.009877,"$1,559","$2,569,290"
20,VIBE,"Sep 29, 2021",$0.008861,$0.009518,$0.008524,$0.009324,"$1,332","$2,425,385"
21,VIBE,"Sep 28, 2021",$0.009084,$0.009511,$0.008394,$0.008857,$709,"$2,303,916"
22,VIBE,"Sep 27, 2021",$0.009591,$0.01012,$0.009084,$0.009084,$488,"$2,363,071"
23,VIBE,"Sep 26, 2021",$0.01029,$0.0103,$0.009039,$0.009597,"$3,738","$2,496,509"
24,VIBE,"Sep 25, 2021",$0.008746,$0.01045,$0.008089,$0.0103,"$13,841","$2,678,224"
25,VIBE,"Sep 24, 2021",$0.01026,$0.011,$0.008577,$0.008743,"$5,628","$2,274,483"
26,VIBE,"Sep 23, 2021",$0.008763,$0.01026,$0.008708,$0.01026,"$3,714","$2,668,190"
27,VIBE,"Sep 22, 2021",$0.008775,$0.009791,$0.008571,$0.008758,"$4,481","$2,278,257"
28,VIBE,"Sep 21, 2021",$0.008622,$0.009687,$0.008289,$0.008769,"$2,681","$2,281,225"
29,VIBE,"Sep 20, 2021",$0.01009,$0.0101,$0.008581,$0.00863,"$1,064","$2,244,945"
30,VIBE,"Sep 19, 2021",$0.01017,$0.0109,$0.009484,$0.01009,"$6,057","$2,623,821"
31,VIBE,"Sep 18, 2021",$0.01069,$0.01134,$0.009622,$0.01017,"$4,430","$2,644,601"
32,VIBE,"Sep 17, 2021",$0.01167,$0.01174,$0.01045,$0.01068,"$2,863","$2,779,201"
33,VIBE,"Sep 16, 2021",$0.01283,$0.01327,$0.01154,$0.01168,"$5,425","$3,038,812"
34,VIBE,"Sep 15, 2021",$0.01216,$0.01368,$0.01129,$0.01282,"$22,403","$3,335,391"
35,VIBE,"Sep 14, 2021",$0.01202,$0.01294,$0.0113,$0.01215,"$22,095","$3,161,335"
36,VIBE,"Sep 13, 2021",$0.01287,$0.01414,$0.01091,$0.01202,"$4,249","$3,126,859"
37,VIBE,"Sep 12, 2021",$0.01237,$0.01328,$0.01229,$0.01287,"$3,629","$3,347,678"
38,VIBE,"Sep 11, 2021",$0.01296,$0.01401,$0.0119,$0.01237,"$3,662","$3,217,334"
39,VIBE,"Sep 10, 2021",$0.01559,$0.01657,$0.01109,$0.01296,"$66,822","$3,370,323"
40,VIBE,"Sep 09, 2021",$0.0157,$0.01822,$0.01497,$0.01559,"$16,407","$4,056,274"
41,VIBE,"Sep 08, 2021",$0.01438,$0.01829,$0.01401,$0.01798,"$14,649","$4,677,679"
42,VIBE,"Sep 07, 2021",$0.01889,$0.02143,$0.01388,$0.01437,"$12,030","$3,738,293"
43,VIBE,"Sep 06, 2021",$0.02148,$0.02235,$0.01887,$0.01888,$424,"$4,911,285"
44,VIBE,"Sep 05, 2021",$0.02233,$0.02357,$0.02147,$0.02148,"$8,894","$5,586,906"
45,VIBE,"Sep 04, 2021",$0.02235,$0.02319,$0.02224,$0.02232,"$1,602","$5,806,072"
46,VIBE,"Sep 03, 2021",$0.02466,$0.02641,$0.02103,$0.02236,"$23,880","$5,815,856"
47,VIBE,"Sep 02, 2021",$0.02184,$0.02481,$0.02153,$0.02466,"$8,108","$6,415,476"
48,VIBE,"Sep 01, 2021",$0.02324,$0.02472,$0.02157,$0.02181,"$16,921","$5,672,430"
49,VIBE,"Aug 31, 2021",$0.02132,$0.02349,$0.02064,$0.02324,"$10,016","$6,045,572"
50,VIBE,"Aug 30, 2021",$0.02017,$0.02193,$0.01903,$0.02133,"$11,028","$5,549,389"
51,VIBE,"Aug 29, 2021",$0.0246,$0.02564,$0.01973,$0.02016,"$37,071","$5,245,470"
52,VIBE,"Aug 28, 2021",$0.02159,$0.0246,$0.021,$0.0246,"$15,174","$6,398,874"
53,VIBE,"Aug 27, 2021",$0.02009,$0.02367,$0.01982,$0.02159,"$17,355","$5,615,855"
54,VIBE,"Aug 26, 2021",$0.02133,$0.02448,$0.01993,$0.02009,"$42,606","$5,226,387"
55,VIBE,"Aug 25, 2021",$0.01717,$0.02767,$0.01567,$0.02131,"$86,143","$5,544,599"
56,VIBE,"Aug 24, 2021",$0.01803,$0.02146,$0.01663,$0.01717,"$32,599","$4,466,098"
57,VIBE,"Aug 23, 2021",$0.01704,$0.01847,$0.01701,$0.01803,"$15,890","$4,689,819"
58,VIBE,"Aug 22, 2021",$0.01871,$0.01878,$0.01605,$0.01704,"$8,368","$4,432,338"
59,VIBE,"Aug 21, 2021",$0.01625,$0.01886,$0.01582,$0.01871,"$11,450","$4,867,589"
60,VIBE,"Aug 20, 2021",$0.01588,$0.01814,$0.01556,$0.01624,"$17,198","$4,225,418"
61,VIBE,"Aug 19, 2021",$0.01462,$0.01587,$0.01277,$0.01586,"$31,975","$4,126,821"
62,VIBE,"Aug 18, 2021",$0.0136,$0.01575,$0.01348,$0.01462,"$15,434","$3,804,203"
63,VIBE,"Aug 17, 2021",$0.01413,$0.0145,$0.0126,$0.01359,"$8,637","$3,536,229"
64,VIBE,"Aug 16, 2021",$0.01443,$0.01457,$0.0131,$0.01414,"$9,371","$3,678,083"
65,VIBE,"Aug 15, 2021",$0.01621,$0.01647,$0.01381,$0.01442,"$5,473","$3,750,206"
66,VIBE,"Aug 14, 2021",$0.01597,$0.01658,$0.01589,$0.0162,"$2,061","$4,214,611"
67,VIBE,"Aug 13, 2021",$0.01197,$0.01744,$0.01195,$0.01597,"$18,172","$4,154,589"
68,VIBE,"Aug 12, 2021",$0.01295,$0.0149,$0.01173,$0.01199,"$5,021","$3,119,000"
69,VIBE,"Aug 11, 2021",$0.01353,$0.01389,$0.01294,$0.01294,"$3,530","$3,365,836"
70,VIBE,"Aug 10, 2021",$0.01351,$0.01481,$0.01262,$0.01353,"$7,897","$3,518,556"
71,VIBE,"Aug 09, 2021",$0.013,$0.01397,$0.01229,$0.0135,"$7,594","$3,510,681"
72,VIBE,"Aug 08, 2021",$0.01301,$0.01369,$0.01266,$0.013,"$8,053","$3,382,393"
73,VIBE,"Aug 07, 2021",$0.01361,$0.01428,$0.01264,$0.01302,"$331,291","$3,387,211"
74,VIBE,"Aug 06, 2021",$0.0142,$0.01446,$0.01319,$0.01361,"$4,547","$3,541,520"
75,VIBE,"Aug 05, 2021",$0.01154,$0.01446,$0.0114,$0.0142,"$14,239","$3,694,397"
76,VIBE,"Aug 04, 2021",$0.01241,$0.01286,$0.01141,$0.01155,"$302,274","$3,004,107"
77,VIBE,"Aug 03, 2021",$0.01283,$0.01328,$0.01201,$0.01242,"$5,847","$3,229,862"
78,VIBE,"Aug 02, 2021",$0.0141,$0.015,$0.01271,$0.01282,"$11,679","$3,335,973"
79,VIBE,"Aug 01, 2021",$0.01537,$0.01627,$0.01401,$0.0141,"$316,959","$3,666,709"
80,VIBE,"Jul 31, 2021",$0.0142,$0.02293,$0.01347,$0.01538,"$81,228","$4,001,929"
81,VIBE,"Jul 30, 2021",$0.01686,$0.01728,$0.01182,$0.01419,"$333,572","$3,690,687"
82,VIBE,"Jul 29, 2021",$0.01302,$0.01698,$0.01181,$0.01687,"$51,225","$4,388,212"
83,VIBE,"Jul 28, 2021",$0.02077,$0.02081,$0.01172,$0.01297,"$351,595","$3,374,983"
84,VIBE,"Jul 27, 2021",$0.02335,$0.02562,$0.01516,$0.02074,"$354,745","$5,395,790"
85,VIBE,"Jul 26, 2021",$0.02693,$0.03253,$0.01911,$0.02336,"$100,801","$6,076,918"
86,VIBE,"Jul 25, 2021",$0.01744,$0.03788,$0.01733,$0.02693,"$451,577","$7,004,937"
87,VIBE,"Jul 24, 2021",$0.01266,$0.01996,$0.01259,$0.01743,"$138,068","$4,533,765"
88,VIBE,"Jul 23, 2021",$0.008577,$0.01465,$0.008567,$0.01266,"$64,215","$3,292,732"
89,VIBE,"Jul 22, 2021",$0.006704,$0.008798,$0.006546,$0.008577,"$243,098","$2,231,118"
90,VIBE,"Jul 21, 2021",$0.005768,$0.007578,$0.00571,$0.006706,"$4,053","$1,744,605"
91,VIBE,"Jul 20, 2021",$0.006137,$0.01073,$0.005177,$0.005763,"$2,914","$1,499,150"
92,VIBE,"Jul 19, 2021",$0.00652,$0.009541,$0.006088,$0.006135,$414,"$1,595,861"
93,VIBE,"Jul 18, 2021",$0.00712,$0.008066,$0.006472,$0.006519,"$1,618","$1,695,898"
94,VIBE,"Jul 17, 2021",$0.006886,$0.007335,$0.005211,$0.007123,"$11,462","$1,852,876"
95,VIBE,"Jul 16, 2021",$0.007325,$0.009187,$0.006816,$0.006891,$695,"$1,792,478"
96,VIBE,"Jul 15, 2021",$0.006869,$0.007771,$0.006813,$0.007329,"$8,653","$1,906,524"
97,VIBE,"Jul 14, 2021",$0.007021,$0.007728,$0.006826,$0.006869,$432,"$1,786,832"
98,VIBE,"Jul 13, 2021",$0.006829,$0.007783,$0.006632,$0.007017,"$2,213","$1,825,261"
99,VIBE,"Jul 12, 2021",$0.008295,$0.009114,$0.005722,$0.006829,"$19,417","$1,776,386"
100,VIBE,"Jul 11, 2021",$0.008093,$0.009843,$0.007925,$0.008297,"$2,000","$2,158,342"
101,VIBE,"Jul 10, 2021",$0.00821,$0.01013,$0.007896,$0.008062,"$3,085","$2,097,109"
102,VIBE,"Jul 09, 2021",$0.009082,$0.01014,$0.008122,$0.008218,$895,"$2,137,687"
103,VIBE,"Jul 08, 2021",$0.00915,$0.01299,$0.008969,$0.009076,"$2,944","$2,360,924"
104,VIBE,"Jul 07, 2021",$0.009114,$0.0136,$0.009038,$0.009137,$104,"$2,376,765"
105,VIBE,"Jul 06, 2021",$0.008406,$0.0118,$0.008394,$0.009114,$701,"$2,370,901"
106,VIBE,"Jul 05, 2021",$0.009463,$0.01236,$0.008269,$0.008408,$323,"$2,187,252"
107,VIBE,"Jul 04, 2021",$0.008656,$0.01124,$0.008536,$0.009461,"$1,364","$2,461,219"
108,VIBE,"Jul 03, 2021",$0.008789,$0.009119,$0.008386,$0.008654,"$3,856","$2,251,167"
109,VIBE,"Jul 02, 2021",$0.009073,$0.009354,$0.007842,$0.008788,"$9,719","$2,286,197"
110,VIBE,"Jul 01, 2021",$0.01001,$0.01085,$0.008581,$0.009076,"$252,798","$2,360,876"
111,VIBE,"Jun 30, 2021",$0.00896,$0.01003,$0.008699,$0.009994,"$4,392","$2,599,889"
112,VIBE,"Jun 29, 2021",$0.01078,$0.01122,$0.008954,$0.008959,"$271,137","$2,330,495"
113,VIBE,"Jun 28, 2021",$0.01039,$0.01129,$0.01035,$0.01078,"$2,903","$2,805,124"
114,VIBE,"Jun 27, 2021",$0.009056,$0.01152,$0.009056,$0.0104,"$5,655","$2,704,876"
115,VIBE,"Jun 26, 2021",$0.009386,$0.009386,$0.008629,$0.009051,$929,"$2,354,502"
116,VIBE,"Jun 25, 2021",$0.01012,$0.01025,$0.009288,$0.009392,"$4,732","$2,443,120"
117,VIBE,"Jun 24, 2021",$0.009219,$0.0105,$0.008804,$0.01008,"$7,538","$2,621,171"
118,VIBE,"Jun 23, 2021",$0.00914,$0.01076,$0.008972,$0.009331,"$248,051","$2,427,232"
119,VIBE,"Jun 22, 2021",$0.008705,$0.01015,$0.007849,$0.009137,"$9,760","$2,376,780"
120,VIBE,"Jun 21, 2021",$0.01075,$0.01168,$0.008494,$0.008703,"$14,297","$2,263,982"
121,VIBE,"Jun 20, 2021",$0.011,$0.01284,$0.01027,$0.01075,"$5,582","$2,795,888"
122,VIBE,"Jun 19, 2021",$0.01214,$0.01223,$0.01097,$0.011,"$1,801","$2,860,238"
123,VIBE,"Jun 18, 2021",$0.01142,$0.01244,$0.009658,$0.01213,"$9,005","$3,155,206"
124,VIBE,"Jun 17, 2021",$0.01045,$0.01193,$0.01045,$0.01142,"$283,144","$2,971,628"
125,VIBE,"Jun 16, 2021",$0.01227,$0.01301,$0.009734,$0.01045,"$281,485","$2,718,128"
126,VIBE,"Jun 15, 2021",$0.0121,$0.0126,$0.01175,$0.01219,"$3,750","$3,171,830"
127,VIBE,"Jun 14, 2021",$0.01195,$0.0129,$0.01165,$0.012,"$1,463","$3,122,722"
128,VIBE,"Jun 13, 2021",$0.01202,$0.01259,$0.01156,$0.01195,$552,"$3,109,180"
129,VIBE,"Jun 12, 2021",$0.01002,$0.01409,$0.008222,$0.01202,"$19,817","$3,127,701"
130,VIBE,"Jun 11, 2021",$0.01054,$0.01111,$0.009907,$0.01002,"$8,202","$2,605,287"
131,VIBE,"Jun 10, 2021",$0.01085,$0.01278,$0.01024,$0.01055,"$268,890","$2,743,898"
132,VIBE,"Jun 09, 2021",$0.0105,$0.01149,$0.01017,$0.01085,"$16,280","$2,823,757"
133,VIBE,"Jun 08, 2021",$0.009438,$0.01082,$0.009383,$0.0105,"$11,998","$2,731,421"
134,VIBE,"Jun 07, 2021",$0.01158,$0.01272,$0.009309,$0.009436,"$7,830","$2,454,679"
135,VIBE,"Jun 06, 2021",$0.01022,$0.01175,$0.01022,$0.01158,"$6,981","$3,011,430"
136,VIBE,"Jun 05, 2021",$0.01079,$0.01151,$0.01007,$0.01024,"$1,578","$2,664,441"
137,VIBE,"Jun 04, 2021",$0.01361,$0.01361,$0.009949,$0.01083,"$12,632","$2,816,185"
138,VIBE,"Jun 03, 2021",$0.01306,$0.01433,$0.01279,$0.0136,"$3,635","$3,538,437"
139,VIBE,"Jun 02, 2021",$0.01341,$0.01383,$0.01297,$0.01306,"$1,679","$3,397,614"
140,VIBE,"Jun 01, 2021",$0.01455,$0.01472,$0.01313,$0.01341,"$6,258","$3,488,318"
141,VIBE,"May 31, 2021",$0.01276,$0.01457,$0.01216,$0.01454,"$4,076","$3,782,565"
142,VIBE,"May 30, 2021",$0.01304,$0.01387,$0.01235,$0.01277,"$7,250","$3,320,809"
143,VIBE,"May 29, 2021",$0.01046,$0.01424,$0.01017,$0.01292,"$55,423","$3,360,343"
144,VIBE,"May 28, 2021",$0.01203,$0.01203,$0.008854,$0.01047,"$18,872","$2,723,890"
145,VIBE,"May 27, 2021",$0.0129,$0.01305,$0.009627,$0.012,"$295,165","$3,122,611"
146,VIBE,"May 26, 2021",$0.01462,$0.01476,$0.01206,$0.0129,"$12,089","$3,355,008"
147,VIBE,"May 25, 2021",$0.01214,$0.01587,$0.01136,$0.01462,"$293,653","$3,802,982"
148,VIBE,"May 24, 2021",$0.01042,$0.01301,$0.01042,$0.01213,"$14,641","$3,154,376"
149,VIBE,"May 23, 2021",$0.01313,$0.01355,$0.008783,$0.01043,"$8,663","$2,713,717"
150,VIBE,"May 22, 2021",$0.01231,$0.01427,$0.01089,$0.01315,"$16,952","$3,421,328"
151,VIBE,"May 21, 2021",$0.01472,$0.0154,$0.01126,$0.0123,"$12,217","$3,200,828"
152,VIBE,"May 20, 2021",$0.01464,$0.01604,$0.01223,$0.01475,"$22,211","$3,836,299"
153,VIBE,"May 19, 2021",$0.01952,$0.01992,$0.01134,$0.01467,"$295,294","$3,814,947"
154,VIBE,"May 18, 2021",$0.01867,$0.02255,$0.01829,$0.01952,"$334,762","$5,078,099"
155,VIBE,"May 17, 2021",$0.02068,$0.02088,$0.01761,$0.01864,"$6,196","$4,849,149"
156,VIBE,"May 16, 2021",$0.02335,$0.02782,$0.01755,$0.02065,"$43,579","$5,372,919"
157,VIBE,"May 15, 2021",$0.02618,$0.02643,$0.01801,$0.02337,"$90,325","$6,079,837"
158,VIBE,"May 14, 2021",$0.02407,$0.03569,$0.024,$0.02622,"$44,621","$6,819,600"
159,VIBE,"May 13, 2021",$0.0256,$0.0293,$0.0225,$0.02403,"$25,014","$6,252,133"
160,VIBE,"May 12, 2021",$0.03446,$0.03685,$0.02593,$0.02593,"$395,383","$6,745,975"
161,VIBE,"May 11, 2021",$0.02964,$0.04573,$0.02611,$0.03445,"$113,808","$8,960,568"
162,VIBE,"May 10, 2021",$0.02399,$0.03065,$0.02343,$0.02956,"$450,675","$7,689,834"
163,VIBE,"May 09, 2021",$0.02257,$0.02467,$0.02092,$0.02396,"$11,219","$6,231,691"
164,VIBE,"May 08, 2021",$0.02492,$0.02883,$0.02121,$0.02253,"$32,555","$5,862,167"
165,VIBE,"May 07, 2021",$0.02552,$0.02601,$0.02218,$0.02491,"$22,937","$6,480,845"
166,VIBE,"May 06, 2021",$0.02269,$0.02558,$0.02182,$0.02552,"$25,550","$6,638,444"
167,VIBE,"May 05, 2021",$0.02393,$0.02991,$0.02047,$0.02268,"$70,572","$5,899,187"
168,VIBE,"May 04, 2021",$0.02592,$0.02608,$0.02218,$0.02392,"$412,527","$6,222,875"
169,VIBE,"May 03, 2021",$0.02926,$0.03189,$0.02286,$0.02592,"$50,119","$6,742,028"
170,VIBE,"May 02, 2021",$0.04089,$0.04093,$0.02249,$0.02878,"$114,969","$7,486,446"
171,VIBE,"May 01, 2021",$0.02149,$0.04135,$0.02127,$0.04088,"$573,690","$10,634,764"
172,VIBE,"Apr 30, 2021",$0.01949,$0.024,$0.01784,$0.02149,"$62,503","$5,590,105"
173,VIBE,"Apr 29, 2021",$0.02118,$0.02444,$0.01638,$0.0195,"$95,204","$5,071,819"
174,VIBE,"Apr 28, 2021",$0.02194,$0.02412,$0.01981,$0.02118,"$36,666","$5,508,557"
175,VIBE,"Apr 27, 2021",$0.01759,$0.02272,$0.01759,$0.02194,"$457,606","$5,706,302"
176,VIBE,"Apr 26, 2021",$0.01752,$0.01938,$0.01634,$0.01759,"$31,077","$4,575,222"
177,VIBE,"Apr 25, 2021",$0.01858,$0.01971,$0.01697,$0.01752,"$31,748","$4,556,867"
178,VIBE,"Apr 24, 2021",$0.01836,$0.01932,$0.01707,$0.01858,"$15,322","$4,832,625"
179,VIBE,"Apr 23, 2021",$0.02288,$0.02303,$0.01644,$0.01836,"$7,651","$4,776,991"
180,VIBE,"Apr 22, 2021",$0.02479,$0.0253,$0.02113,$0.02288,"$15,770","$5,952,456"
181,VIBE,"Apr 21, 2021",$0.02466,$0.0266,$0.02053,$0.02477,"$55,720","$6,442,595"
182,VIBE,"Apr 20, 2021",$0.02264,$0.02838,$0.01875,$0.0246,"$87,637","$6,398,526"
183,VIBE,"Apr 19, 2021",$0.02435,$0.02619,$0.01916,$0.02255,"$72,415","$5,866,980"
184,VIBE,"Apr 18, 2021",$0.02837,$0.02903,$0.02285,$0.02434,"$32,401","$6,330,789"
185,VIBE,"Apr 17, 2021",$0.02555,$0.03259,$0.02347,$0.02839,"$85,843","$7,385,609"
186,VIBE,"Apr 16, 2021",$0.02982,$0.03187,$0.02427,$0.02555,"$76,629","$6,647,681"
187,VIBE,"Apr 15, 2021",$0.03257,$0.03475,$0.0294,$0.02983,"$34,187","$7,758,615"
188,VIBE,"Apr 14, 2021",$0.03531,$0.03574,$0.02746,$0.03256,"$54,714","$8,469,827"
189,VIBE,"Apr 13, 2021",$0.03453,$0.03794,$0.03233,$0.03524,"$42,555","$9,166,312"
190,VIBE,"Apr 12, 2021",$0.0386,$0.04362,$0.03219,$0.03861,"$119,779","$10,044,273"
191,VIBE,"Apr 11, 2021",$0.04608,$0.05104,$0.03376,$0.03861,"$98,538","$10,043,873"
192,VIBE,"Apr 10, 2021",$0.04543,$0.04825,$0.03995,$0.04608,"$46,521","$11,986,062"
193,VIBE,"Apr 09, 2021",$0.04138,$0.0465,$0.03929,$0.04542,"$82,821","$11,814,956"
194,VIBE,"Apr 08, 2021",$0.03956,$0.04238,$0.0335,$0.04138,"$59,149","$10,765,114"
195,VIBE,"Apr 07, 2021",$0.04081,$0.04291,$0.03421,$0.0397,"$84,779","$10,326,472"
196,VIBE,"Apr 06, 2021",$0.04838,$0.05509,$0.03449,$0.04082,"$132,025","$10,619,982"
197,VIBE,"Apr 05, 2021",$0.04909,$0.05432,$0.03924,$0.04834,"$146,106","$12,574,186"
198,VIBE,"Apr 04, 2021",$0.04991,$0.05731,$0.0488,$0.04913,"$90,124","$12,779,241"
199,VIBE,"Apr 03, 2021",$0.05309,$0.056,$0.04918,$0.05001,"$122,668","$13,010,424"
200,VIBE,"Apr 02, 2021",$0.06264,$0.09018,$0.05002,$0.05299,"$202,683","$13,784,550"
201,VIBE,"Apr 01, 2021",$0.05643,$0.06812,$0.04818,$0.06234,"$141,413","$16,216,920"
202,VIBE,"Mar 31, 2021",$0.07437,$0.08167,$0.05297,$0.05654,"$193,592","$14,709,223"
203,VIBE,"Mar 30, 2021",$0.06861,$0.1053,$0.06591,$0.07438,"$501,487","$19,348,767"
204,VIBE,"Mar 29, 2021",$0.05412,$0.08045,$0.05217,$0.06861,"$488,584","$17,847,525"
205,VIBE,"Mar 28, 2021",$0.0521,$0.06809,$0.0447,$0.05411,"$335,073","$14,076,562"
206,VIBE,"Mar 27, 2021",$0.04078,$0.06207,$0.03947,$0.0521,"$298,691","$13,551,954"
207,VIBE,"Mar 26, 2021",$0.03563,$0.05368,$0.03444,$0.04081,"$383,620","$10,616,944"
208,VIBE,"Mar 25, 2021",$0.04097,$0.04097,$0.03028,$0.03564,"$149,628","$9,271,414"
209,VIBE,"Mar 24, 2021",$0.03277,$0.04874,$0.03277,$0.04102,"$230,515","$10,671,450"
210,VIBE,"Mar 23, 2021",$0.03836,$0.04311,$0.03073,$0.03279,"$149,573","$8,530,340"
211,VIBE,"Mar 22, 2021",$0.02702,$0.03971,$0.02557,$0.03837,"$306,090","$9,980,578"
212,VIBE,"Mar 21, 2021",$0.02508,$0.03652,$0.02481,$0.02696,"$149,548","$7,012,474"
213,VIBE,"Mar 20, 2021",$0.03684,$0.04577,$0.02029,$0.02511,"$199,956","$6,532,076"
214,VIBE,"Mar 19, 2021",$0.0214,$0.04786,$0.02097,$0.03682,"$392,865","$9,577,523"
215,VIBE,"Mar 18, 2021",$0.02278,$0.03013,$0.02107,$0.0214,"$130,099","$5,566,469"
216,VIBE,"Mar 17, 2021",$0.03154,$0.03298,$0.0204,$0.02278,"$128,677","$5,925,771"
217,VIBE,"Mar 16, 2021",$0.0337,$0.04422,$0.02815,$0.03152,"$246,051","$8,200,301"
218,VIBE,"Mar 15, 2021",$0.04273,$0.05093,$0.03,$0.0337,"$295,849","$8,765,819"
219,VIBE,"Mar 14, 2021",$0.03596,$0.05719,$0.03256,$0.04274,"$739,867","$11,117,017"
220,VIBE,"Mar 13, 2021",$0.02781,$0.04022,$0.01927,$0.03596,"$338,066","$9,353,222"
221,VIBE,"Mar 12, 2021",$0.04039,$0.04731,$0.01624,$0.02781,"$374,312","$7,234,142"
222,VIBE,"Mar 11, 2021",$0.04066,$0.06302,$0.03538,$0.04039,"$904,771","$10,506,152"
223,VIBE,"Mar 10, 2021",$0.03234,$0.05509,$0.02507,$0.04065,"$1,126,847","$10,575,676"
224,VIBE,"Mar 09, 2021",$0.02042,$0.03864,$0.01726,$0.03234,"$688,470","$8,411,604"
225,VIBE,"Mar 08, 2021",$0.01275,$0.02414,$0.0118,$0.02042,"$325,644","$5,311,117"
226,VIBE,"Mar 07, 2021",$0.00819,$0.01519,$0.008157,$0.01275,"$145,570","$3,316,325"
227,VIBE,"Mar 06, 2021",$0.006285,$0.01115,$0.006283,$0.008191,"$76,956","$2,130,704"
228,VIBE,"Mar 05, 2021",$0.005773,$0.00812,$0.005084,$0.006285,"$33,912","$1,634,956"
229,VIBE,"Mar 04, 2021",$0.006694,$0.007455,$0.004865,$0.005773,"$32,558","$1,501,769"
230,VIBE,"Mar 03, 2021",$0.004509,$0.007353,$0.004417,$0.006694,"$27,224","$1,741,375"
231,VIBE,"Mar 02, 2021",$0.005102,$0.005362,$0.003896,$0.004509,"$14,419","$1,172,869"
232,VIBE,"Mar 01, 2021",$0.003883,$0.0064,$0.003881,$0.005102,"$15,422","$1,327,273"
233,VIBE,"Feb 28, 2021",$0.003182,$0.004649,$0.002683,$0.003883,"$6,140","$1,010,113"
234,VIBE,"Feb 27, 2021",$0.004252,$0.004505,$0.00303,$0.003182,"$9,424","$827,869"
235,VIBE,"Feb 26, 2021",$0.004326,$0.004784,$0.003952,$0.004252,"$3,189","$1,106,219"
236,VIBE,"Feb 25, 2021",$0.005394,$0.005799,$0.004303,$0.004327,"$8,149","$1,125,576"
237,VIBE,"Feb 24, 2021",$0.006154,$0.00641,$0.004039,$0.005394,"$13,775","$1,403,054"
238,VIBE,"Feb 23, 2021",$0.004842,$0.006844,$0.004233,$0.006153,"$17,511","$1,600,748"
239,VIBE,"Feb 22, 2021",$0.006219,$0.006483,$0.004764,$0.004839,"$4,831","$1,258,879"
240,VIBE,"Feb 21, 2021",$0.006295,$0.006918,$0.005844,$0.006219,"$10,666","$1,617,837"
241,VIBE,"Feb 20, 2021",$0.006439,$0.006848,$0.006119,$0.006296,"$5,218","$1,637,712"
242,VIBE,"Feb 19, 2021",$0.008309,$0.009229,$0.005892,$0.006439,"$26,849","$1,675,012"
243,VIBE,"Feb 18, 2021",$0.008428,$0.01445,$0.007937,$0.008309,"$68,978","$2,161,443"
244,VIBE,"Feb 17, 2021",$0.003877,$0.01531,$0.003343,$0.008428,"$178,503","$2,192,466"
245,VIBE,"Feb 16, 2021",$0.003102,$0.004864,$0.002886,$0.003877,"$22,108","$1,008,583"
246,VIBE,"Feb 15, 2021",$0.002714,$0.003159,$0.002049,$0.003102,"$5,156","$806,936"
247,VIBE,"Feb 14, 2021",$0.003529,$0.003648,$0.002712,$0.002714,"$5,496","$705,946"
248,VIBE,"Feb 13, 2021",$0.002633,$0.003998,$0.001886,$0.003527,"$19,171","$917,628"
249,VIBE,"Feb 12, 2021",$0.003936,$0.004717,$0.001953,$0.002634,"$17,930","$685,221"
250,VIBE,"Feb 11, 2021",$0.006941,$0.01027,$0.003157,$0.003928,"$45,815","$1,021,844"
251,VIBE,"Feb 10, 2021",$0.02045,$0.02097,$0.003089,$0.006935,"$114,257","$1,804,049"
252,VIBE,"Feb 09, 2021",$0.02125,$0.0219,$0.01854,$0.02045,"$608,277","$5,319,893"
253,VIBE,"Feb 08, 2021",$0.01906,$0.02211,$0.01795,$0.02171,"$826,928","$5,648,636"
254,VIBE,"Feb 07, 2021",$0.02003,$0.02186,$0.0176,$0.01906,"$709,982","$4,959,289"
255,VIBE,"Feb 06, 2021",$0.02098,$0.02182,$0.01916,$0.02003,"$541,191","$5,210,275"
256,VIBE,"Feb 05, 2021",$0.02142,$0.02637,$0.0196,$0.02135,"$1,584,799","$5,553,586"
257,VIBE,"Feb 04, 2021",$0.02361,$0.02514,$0.01962,$0.02142,"$1,296,061","$5,571,061"
258,VIBE,"Feb 03, 2021",$0.02912,$0.03069,$0.02168,$0.0236,"$3,027,656","$6,138,499"
259,VIBE,"Feb 02, 2021",$0.02549,$0.05733,$0.02483,$0.02913,"$8,658,826","$7,577,796"
260,VIBE,"Feb 01, 2021",$0.02682,$0.02772,$0.02376,$0.02549,"$472,165","$6,631,640"
261,VIBE,"Jan 31, 2021",$0.02364,$0.03388,$0.02307,$0.0275,"$2,031,335","$7,154,866"
262,VIBE,"Jan 30, 2021",$0.02265,$0.02595,$0.02077,$0.02367,"$908,415","$6,156,783"
263,VIBE,"Jan 29, 2021",$0.02196,$0.03763,$0.01981,$0.0226,"$2,102,982","$5,878,142"
264,VIBE,"Jan 28, 2021",$0.02008,$0.02213,$0.01942,$0.02141,"$95,349","$5,570,573"
265,VIBE,"Jan 27, 2021",$0.0228,$0.0228,$0.01867,$0.02004,"$119,813","$5,214,124"
266,VIBE,"Jan 26, 2021",$0.02233,$0.02328,$0.02109,$0.02282,"$68,722","$5,935,894"
267,VIBE,"Jan 25, 2021",$0.02293,$0.02463,$0.02214,$0.02232,"$161,511","$5,805,553"
268,VIBE,"Jan 24, 2021",$0.02308,$0.02363,$0.02177,$0.02294,"$189,104","$5,968,194"
269,VIBE,"Jan 23, 2021",$0.02046,$0.02533,$0.02046,$0.02308,"$523,163","$6,003,457"
270,VIBE,"Jan 22, 2021",$0.02188,$0.02339,$0.01923,$0.02042,"$392,230","$5,312,708"
271,VIBE,"Jan 21, 2021",$0.02204,$0.02389,$0.01918,$0.02192,"$299,430","$5,703,022"
272,VIBE,"Jan 20, 2021",$0.02056,$0.02338,$0.02021,$0.02209,"$281,899","$5,745,277"
273,VIBE,"Jan 19, 2021",$0.01979,$0.02262,$0.01931,$0.02062,"$206,608","$5,364,421"
274,VIBE,"Jan 18, 2021",$0.01932,$0.0203,$0.01886,$0.0202,"$56,696","$5,254,342"
275,VIBE,"Jan 17, 2021",$0.01955,$0.02003,$0.01772,$0.01934,"$59,937","$5,031,881"
276,VIBE,"Jan 16, 2021",$0.01878,$0.02093,$0.01813,$0.01956,"$152,031","$5,087,493"
277,VIBE,"Jan 15, 2021",$0.01842,$0.01969,$0.01629,$0.01873,"$214,782","$4,873,312"
278,VIBE,"Jan 14, 2021",$0.0179,$0.01912,$0.01749,$0.01842,"$39,390","$4,792,216"
279,VIBE,"Jan 13, 2021",$0.0166,$0.01865,$0.01572,$0.01791,"$77,112","$4,660,099"
280,VIBE,"Jan 12, 2021",$0.01814,$0.01852,$0.01595,$0.01661,"$41,684","$4,320,506"
281,VIBE,"Jan 11, 2021",$0.01956,$0.01972,$0.01467,$0.01812,"$112,723","$4,714,038"
282,VIBE,"Jan 10, 2021",$0.02053,$0.02096,$0.01693,$0.01957,"$142,731","$5,091,061"
283,VIBE,"Jan 09, 2021",$0.01796,$0.02563,$0.01765,$0.02053,"$522,410","$5,341,260"
284,VIBE,"Jan 08, 2021",$0.01811,$0.02096,$0.01649,$0.01796,"$507,899","$4,672,290"
285,VIBE,"Jan 07, 2021",$0.01917,$0.01961,$0.01671,$0.0181,"$207,322","$4,709,137"
286,VIBE,"Jan 06, 2021",$0.01733,$0.01925,$0.01677,$0.01918,"$131,219","$4,988,703"
287,VIBE,"Jan 05, 2021",$0.01726,$0.0182,$0.01638,$0.01736,"$121,162","$4,515,207"
288,VIBE,"Jan 04, 2021",$0.01737,$0.01819,$0.0148,$0.01726,"$77,516","$4,489,965"
289,VIBE,"Jan 03, 2021",$0.01703,$0.01846,$0.01612,$0.01735,"$104,426","$4,513,956"
290,VIBE,"Jan 02, 2021",$0.01704,$0.01839,$0.01584,$0.01703,"$227,868","$4,430,516"
291,VIBE,"Jan 01, 2021",$0.01566,$0.01834,$0.01527,$0.01704,"$148,182","$4,432,021"
292,VIBE,"Dec 31, 2020",$0.01586,$0.0162,$0.01505,$0.01567,"$37,263","$4,075,234"
293,VIBE,"Dec 30, 2020",$0.01588,$0.01662,$0.01478,$0.01586,"$40,860","$4,125,421"
294,VIBE,"Dec 29, 2020",$0.01706,$0.01759,$0.01499,$0.01588,"$91,689","$4,130,251"
295,VIBE,"Dec 28, 2020",$0.01682,$0.01832,$0.01657,$0.01706,"$103,707","$4,438,748"
296,VIBE,"Dec 27, 2020",$0.01613,$0.01758,$0.01402,$0.01684,"$411,595","$4,380,686"
297,VIBE,"Dec 26, 2020",$0.01431,$0.02097,$0.01359,$0.01612,"$676,951","$4,194,350"
298,VIBE,"Dec 25, 2020",$0.01424,$0.01488,$0.01344,$0.01431,"$72,865","$3,722,487"
299,VIBE,"Dec 24, 2020",$0.01325,$0.01493,$0.01281,$0.01426,"$75,042","$3,708,502"
300,VIBE,"Dec 23, 2020",$0.01617,$0.01637,$0.01306,$0.01326,"$115,133","$3,449,707"
301,VIBE,"Dec 22, 2020",$0.01596,$0.01709,$0.01565,$0.01617,"$84,149","$4,206,874"
302,VIBE,"Dec 21, 2020",$0.01714,$0.01801,$0.01512,$0.01601,"$118,022","$4,164,755"
303,VIBE,"Dec 20, 2020",$0.01719,$0.01994,$0.01565,$0.01717,"$375,103","$4,467,412"
304,VIBE,"Dec 19, 2020",$0.01643,$0.0178,$0.01578,$0.01718,"$148,268","$4,469,533"
305,VIBE,"Dec 18, 2020",$0.01642,$0.01762,$0.01576,$0.01642,"$103,991","$4,270,336"
306,VIBE,"Dec 17, 2020",$0.01598,$0.01664,$0.01498,$0.01643,"$116,853","$4,273,376"
307,VIBE,"Dec 16, 2020",$0.01592,$0.01665,$0.01532,$0.01598,"$134,082","$4,157,240"
308,VIBE,"Dec 15, 2020",$0.01617,$0.01647,$0.01584,$0.01592,"$60,623","$4,142,652"
309,VIBE,"Dec 14, 2020",$0.0157,$0.01621,$0.01563,$0.01617,"$48,320","$4,207,558"
310,VIBE,"Dec 13, 2020",$0.0158,$0.01643,$0.0156,$0.0157,"$52,466","$4,084,240"
311,VIBE,"Dec 12, 2020",$0.01589,$0.01667,$0.01541,$0.01579,"$60,184","$4,107,678"
312,VIBE,"Dec 11, 2020",$0.01534,$0.01632,$0.01495,$0.0159,"$168,950","$4,136,949"
313,VIBE,"Dec 10, 2020",$0.01559,$0.01589,$0.01487,$0.01535,"$38,748","$3,992,780"
314,VIBE,"Dec 09, 2020",$0.01539,$0.01606,$0.01386,$0.01559,"$139,339","$4,056,703"
315,VIBE,"Dec 08, 2020",$0.0165,$0.01684,$0.01517,$0.01539,"$111,146","$4,003,202"
316,VIBE,"Dec 07, 2020",$0.01625,$0.01693,$0.01588,$0.0165,"$39,617","$4,293,226"
317,VIBE,"Dec 06, 2020",$0.01609,$0.01638,$0.01551,$0.01624,"$27,343","$4,225,752"
318,VIBE,"Dec 05, 2020",$0.01552,$0.0164,$0.01526,$0.01609,"$37,891","$4,185,362"
319,VIBE,"Dec 04, 2020",$0.0175,$0.01752,$0.01537,$0.01552,"$68,468","$4,037,985"
320,VIBE,"Dec 03, 2020",$0.01709,$0.01767,$0.01665,$0.0175,"$42,007","$4,553,160"
321,VIBE,"Dec 02, 2020",$0.01655,$0.01715,$0.01619,$0.01709,"$59,214","$4,445,873"
322,VIBE,"Dec 01, 2020",$0.01688,$0.01798,$0.01626,$0.01655,"$34,345","$4,304,707"
323,VIBE,"Nov 30, 2020",$0.01636,$0.01707,$0.01598,$0.01688,"$93,684","$4,390,981"
324,VIBE,"Nov 29, 2020",$0.0163,$0.01775,$0.01598,$0.01636,"$91,893","$4,255,936"
325,VIBE,"Nov 28, 2020",$0.0154,$0.0167,$0.01524,$0.0163,"$79,700","$4,239,866"
326,VIBE,"Nov 27, 2020",$0.01526,$0.0159,$0.0147,$0.0154,"$68,331","$4,005,518"
327,VIBE,"Nov 26, 2020",$0.01836,$0.01936,$0.01439,$0.01526,"$163,244","$3,969,484"
328,VIBE,"Nov 25, 2020",$0.01872,$0.01968,$0.01787,$0.01836,"$146,299","$4,776,207"
329,VIBE,"Nov 24, 2020",$0.01763,$0.01952,$0.01705,$0.01873,"$293,110","$4,871,454"
330,VIBE,"Nov 23, 2020",$0.01617,$0.01781,$0.01584,$0.01763,"$95,778","$4,586,885"
331,VIBE,"Nov 22, 2020",$0.01678,$0.01715,$0.0152,$0.01619,"$105,865","$4,210,735"
332,VIBE,"Nov 21, 2020",$0.01564,$0.01698,$0.01552,$0.01678,"$82,923","$4,364,442"
333,VIBE,"Nov 20, 2020",$0.01532,$0.01669,$0.01512,$0.01564,"$59,863","$4,069,485"
334,VIBE,"Nov 19, 2020",$0.01567,$0.01629,$0.01494,$0.01532,"$40,505","$3,986,100"
335,VIBE,"Nov 18, 2020",$0.01588,$0.01624,$0.01487,$0.01567,"$73,871","$4,077,446"
336,VIBE,"Nov 17, 2020",$0.01602,$0.01646,$0.01528,$0.0159,"$92,806","$4,136,279"
337,VIBE,"Nov 16, 2020",$0.01612,$0.01852,$0.01514,$0.01588,"$916,581","$4,132,144"
338,VIBE,"Nov 15, 2020",$0.01559,$0.01639,$0.01527,$0.01612,"$72,601","$4,193,842"
339,VIBE,"Nov 14, 2020",$0.01567,$0.01603,$0.01512,$0.01559,"$34,501","$4,056,357"
340,VIBE,"Nov 13, 2020",$0.01514,$0.01593,$0.01429,$0.01566,"$72,534","$4,073,517"
341,VIBE,"Nov 12, 2020",$0.01602,$0.0165,$0.01483,$0.01514,"$77,791","$3,938,912"
342,VIBE,"Nov 11, 2020",$0.01713,$0.01723,$0.01575,$0.01601,"$92,578","$4,164,610"
343,VIBE,"Nov 10, 2020",$0.01595,$0.0179,$0.01582,$0.01712,"$178,203","$4,454,720"
344,VIBE,"Nov 09, 2020",$0.01563,$0.01665,$0.01486,$0.01595,"$139,972","$4,148,225"
345,VIBE,"Nov 08, 2020",$0.01513,$0.01773,$0.01432,$0.01564,"$309,310","$4,068,827"
346,VIBE,"Nov 07, 2020",$0.01479,$0.01614,$0.01313,$0.01515,"$144,506","$3,940,042"
347,VIBE,"Nov 06, 2020",$0.01324,$0.01592,$0.01311,$0.01478,"$228,625","$3,843,621"
348,VIBE,"Nov 05, 2020",$0.01131,$0.01387,$0.01116,$0.01324,"$114,835","$3,445,025"
349,VIBE,"Nov 04, 2020",$0.0113,$0.01152,$0.01076,$0.01131,"$21,552","$2,941,309"
350,VIBE,"Nov 03, 2020",$0.01165,$0.01179,$0.01107,$0.01127,"$37,312","$2,932,083"
351,VIBE,"Nov 02, 2020",$0.0125,$0.01288,$0.01165,$0.01166,"$39,721","$3,033,336"
352,VIBE,"Nov 01, 2020",$0.01158,$0.01284,$0.01147,$0.0125,"$39,057","$3,251,797"
353,VIBE,"Oct 31, 2020",$0.01151,$0.01266,$0.01143,$0.01158,"$34,331","$3,011,415"
354,VIBE,"Oct 30, 2020",$0.01183,$0.01206,$0.0112,$0.01151,"$44,752","$2,995,327"
355,VIBE,"Oct 29, 2020",$0.01168,$0.0129,$0.01165,$0.01183,"$67,968","$3,076,230"
356,VIBE,"Oct 28, 2020",$0.01256,$0.01278,$0.01138,$0.01168,"$126,246","$3,038,157"
357,VIBE,"Oct 27, 2020",$0.01321,$0.01326,$0.01214,$0.01255,"$107,562","$3,264,233"
358,VIBE,"Oct 26, 2020",$0.01368,$0.01406,$0.01276,$0.0132,"$53,294","$3,434,567"
359,VIBE,"Oct 25, 2020",$0.01389,$0.01408,$0.01349,$0.01368,"$69,246","$3,557,736"
360,VIBE,"Oct 24, 2020",$0.0141,$0.0144,$0.0137,$0.0139,"$103,371","$3,615,700"
361,VIBE,"Oct 23, 2020",$0.0166,$0.01773,$0.01378,$0.01409,"$463,345","$3,665,840"
362,VIBE,"Oct 22, 2020",$0.01218,$0.0193,$0.01209,$0.0166,"$3,617,558","$4,317,406"
363,VIBE,"Oct 21, 2020",$0.01204,$0.01274,$0.01178,$0.01218,"$56,074","$3,169,095"
